Workbook

Sheet 01_BPS_Raw_Data
A1: Provinsi | B1: Website (%) | C1: Email (%) | D1: Instant Messaging (%) | E1: Social Media (%) | F1: Marketplace (%) | G1: Cash (%) | H1: Bank Transfer (%) | I1: Card (%) | J1: E-Wallet (%) | K1: QRIS (%) | L1: E-Commerce Business Share (%) | M1: RSE (%) | N1: Missing Check
A2: Aceh | B2: 0.39 | C2: 2.89 | D2: 98.72 | E2: 47.11 | F2: 5.5 | G2: 81.39 | H2: 17.74 | I2: 0.05 | J2: 0.36 | K2: 0.45 | L2: 0.88 | M2: 5.84 | N2: =IF(COUNTA(A2:M2)<13,"Ada Missing","Lengkap") -> Lengkap
A3: Sumatera Utara | B3: 0.98 | C3: 6.08 | D3: 97.67 | E3: 53.82 | F3: 8.28 | G3: 89.35 | H3: 9.11 | I3: 0.03 | J3: 1.38 | K3: 0.12 | L3: 3.8 | M3: 6.19 | N3: =IF(COUNTA(A3:M3)<13,"Ada Missing","Lengkap") -> Lengkap
A4: Sumatera Barat | B4: 1.23 | C4: 1.44 | D4: 94.82 | E4: 39 | F4: 16.94 | G4: 73.89 | H4: 21.47 | I4: 0.28 | J4: 3.9 | K4: 0.46 | L4: 1.05 | M4: 5.73 | N4: =IF(COUNTA(A4:M4)<13,"Ada Missing","Lengkap") -> Lengkap
A5: Riau | B5: 2.39 | C5: 4.97 | D5: 94.77 | E5: 50.55 | F5: 14.55 | G5: 83.76 | H5: 13.33 | I5: 0.16 | J5: 2.07 | K5: 0.68 | L5: 1.68 | M5: 4.33 | N5: =IF(COUNTA(A5:M5)<13,"Ada Missing","Lengkap") -> Lengkap
A6: Jambi | B6: 0.84 | C6: 3.12 | D6: 97.84 | E6: 47.52 | F6: 10.69 | G6: 83.17 | H6: 14.1 | I6: 0.55 | J6: 1.85 | K6: 0.34 | L6: 0.8 | M6: 5.53 | N6: =IF(COUNTA(A6:M6)<13,"Ada Missing","Lengkap") -> Lengkap
A7: Sumatera Selatan | B7: 1.12 | C7: 3.23 | D7: 94.62 | E7: 46.63 | F7: 15.18 | G7: 83.63 | H7: 12.74 | I7: 0.12 | J7: 3.25 | K7: 0.25 | L7: 0.91 | M7: 6.47 | N7: =IF(COUNTA(A7:M7)<13,"Ada Missing","Lengkap") -> Lengkap
A8: Bengkulu | B8: 1.57 | C8: 4.01 | D8: 97.04 | E8: 55.82 | F8: 10.35 | G8: 79.49 | H8: 17.46 | I8: 0.08 | J8: 0.85 | K8: 2.12 | L8: 0.66 | M8: 7.47 | N8: =IF(COUNTA(A8:M8)<13,"Ada Missing","Lengkap") -> Lengkap
A9: Lampung | B9: 1.6 | C9: 1.93 | D9: 97.74 | E9: 34.8 | F9: 11.78 | G9: 84.55 | H9: 10.25 | I9: 0.7 | J9: 3.69 | K9: 0.81 | L9: 1.52 | M9: 7.68 | N9: =IF(COUNTA(A9:M9)<13,"Ada Missing","Lengkap") -> Lengkap
A10: Kep. Bangka Belitung | B10: 1.07 | C10: 1.91 | D10: 99.1 | E10: 41.7 | F10: 3.25 | G10: 90.69 | H10: 8.6 | I10: 0.04 | J10: 0.49 | K10: 0.17 | L10: 0.49 | M10: 4.82 | N10: =IF(COUNTA(A10:M10)<13,"Ada Missing","Lengkap") -> Lengkap
A11: Kepulauan Riau | B11: 2.59 | C11: 1.66 | D11: 96.19 | E11: 42.04 | F11: 16.89 | G11: 73.65 | H11: 19.31 | I11: 0.48 | J11: 4.99 | K11: 1.57 | L11: 1.05 | M11: 10.66 | N11: =IF(COUNTA(A11:M11)<13,"Ada Missing","Lengkap") -> Lengkap
A12: DKI Jakarta | B12: 3.65 | C12: 7.86 | D12: 84.57 | E12: 22.3 | F12: 41.4 | G12: 45.54 | H12: 27.23 | I12: 1.14 | J12: 23.07 | K12: 3.02 | L12: 8.99 | M12: 4.79 | N12: =IF(COUNTA(A12:M12)<13,"Ada Missing","Lengkap") -> Lengkap
A13: Jawa Barat | B13: 2.37 | C13: 3.28 | D13: 94.66 | E13: 27.29 | F13: 18.42 | G13: 74.22 | H13: 18.14 | I13: 0.36 | J13: 6.41 | K13: 0.86 | L13: 21.43 | M13: 4.4 | N13: =IF(COUNTA(A13:M13)<13,"Ada Missing","Lengkap") -> Lengkap
... A29: Sulawesi Tenggara | B29: 0.44 | C29: 1.5 | D29: 98 | E29: 66.12 | F29: 8.56 | G29: 85.1 | H29: 14.23 | I29: 0 | J29: 0.33 | K29: 0.34 | L29: 0.35 | M29: 10.9 | N29: =IF(COUNTA(A29:M29)<13,"Ada Missing","Lengkap") -> Lengkap
A30: Gorontalo | B30: 0.38 | D30: 92.16 | E30: 72.61 | F30: 12.14 | G30: 88.41 | H30: 10.04 | I30: 0.18 | J30: 1.36 | K30: 0 | L30: 0.18 | M30: 5.78 | N30: =IF(COUNTA(A30:M30)<13,"Ada Missing","Lengkap") -> Ada Missing
A31: Sulawesi Barat | B31: 0.9 | C31: 1.49 | D31: 98.53 | E31: 58.36 | F31: 4.66 | G31: 90.33 | H31: 7.91 | I31: 0.32 | J31: 1.13 | K31: 0.31 | L31: 0.22 | M31: 4.97 | N31: =IF(COUNTA(A31:M31)<13,"Ada Missing","Lengkap") -> Lengkap
A32: Maluku | B32: 2.66 | C32: 6.58 | D32: 91.32 | E32: 53.78 | F32: 14.9 | G32: 80.92 | H32: 13.53 | I32: 1.21 | J32: 2.76 | K32: 1.58 | L32: 0.09 | M32: 9.37 | N32: =IF(COUNTA(A32:M32)<13,"Ada Missing","Lengkap") -> Lengkap
A33: Maluku Utara | B33: 1.09 | C33: 1.74 | D33: 86.35 | E33: 70.28 | F33: 11.7 | G33: 77.44 | H33: 19.97 | I33: 0.24 | J33: 1.24 | K33: 1.11 | L33: 0.08 | M33: 17.25 | N33: =IF(COUNTA(A33:M33)<13,"Ada Missing","Lengkap") -> Lengkap
A34: Papua Barat | B34: 0 | C34: 2.03 | D34: 93.79 | E34: 72.83 | F34: 1.27 | G34: 80.3 | H34: 18.66 | J34: 0 | K34: 1.04 | L34: 0.04 | M34: 15.38 | N34: =IF(COUNTA(A34:M34)<13,"Ada Missing","Lengkap") -> Ada Missing
A35: Papua Barat Daya | B35: 2.93 | C35: 2.86 | D35: 92.58 | E35: 69.76 | F35: 10.04 | G35: 79.86 | H35: 14.87 | I35: 0.27 | J35: 4.09 | K35: 0.9 | L35: 0.04 | M35: 7.67 | N35: =IF(COUNTA(A35:M35)<13,"Ada Missing","Lengkap") -> Lengkap
A36: Papua | B36: 1.72 | C36: 3.54 | D36: 88.93 | E36: 55.93 | F36: 19.11 | G36: 76.76 | H36: 19.3 | I36: 0.1 | J36: 2.61 | K36: 1.22 | L36: 0.07 | M36: 11.29 | N36: =IF(COUNTA(A36:M36)<13,"Ada Missing","Lengkap") -> Lengkap
A37: Papua Selatan | B37: 1.39 | C37: 0.1 | D37: 96.42 | E37: 57.28 | F37: 3.49 | G37: 85.62 | H37: 11.61 | I37: 0.23 | J37: 0.45 | K37: 2.09 | L37: 0.04 | M37: 9.15 | N37: =IF(COUNTA(A37:M37)<13,"Ada Missing","Lengkap") -> Lengkap
A38: Papua Tengah | N38: =IF(COUNTA(A38:M38)<13,"Ada Missing","Lengkap") -> Ada Missing
A39: Papua Pegunungan | N39: =IF(COUNTA(A39:M39)<13,"Ada Missing","Lengkap") -> Ada Missing

Sheet 02_Data_Validation
A2: Column1 | B2: Column2
A3: Total Data | B3: =COUNTA('01_BPS_Raw_Data'!A2:A39) -> 38
A4: Duplicate Provinsi | B4: {=SUMPRODUCT(--(COUNTIF('01_BPS_Raw_Data'!A2:A39,'01_BPS_Raw_Data'!A2:A39)>1))} -> 0
A5: Missing Value | B5: =COUNTBLANK('01_BPS_Raw_Data'!A2:M39) -> 26
A6: Nilai < 0 | B6: =COUNTIF('01_BPS_Raw_Data'!B2:M39,"<0") -> 0
A7: Nilai > 100 | B7: =COUNTIF('01_BPS_Raw_Data'!B2:M39,">100") -> 0
A10: Kolom | B10: Minimum | C10: Maximum
A11: Website | B11: =MIN('01_BPS_Raw_Data'!B2:B39) -> 0 | C11: =MAX('01_BPS_Raw_Data'!B2:B39) -> 7.49
A12: Email | B12: =MIN('01_BPS_Raw_Data'!C2:C39) -> 0.1 | C12: =MAX('01_BPS_Raw_Data'!C2:C39) -> 9.44
A13: Instant Messaging | B13: =MIN('01_BPS_Raw_Data'!D2:D39) -> 84.57 | C13: =MAX('01_BPS_Raw_Data'!D2:D39) -> 99.1
A14: Social Media | B14: =MIN('01_BPS_Raw_Data'!E2:E39) -> 22.3 | C14: =MAX('01_BPS_Raw_Data'!E2:E39) -> 82.91
A15: Marketplace | B15: =MIN('01_BPS_Raw_Data'!F2:F39) -> 1.27 | C15: =MAX('01_BPS_Raw_Data'!F2:F39) -> 41.4
A16: Cash | B16: =MIN('01_BPS_Raw_Data'!G2:G39) -> 45.54 | C16: =MAX('01_BPS_Raw_Data'!G2:G39) -> 90.69
A17: Bank Transfer | B17: =MIN('01_BPS_Raw_Data'!H2:H39) -> 7.91 | C17: =MAX('01_BPS_Raw_Data'!H2:H39) -> 27.23
A18: Card | B18: =MIN('01_BPS_Raw_Data'!I2:I39) -> 0 | C18: =MAX('01_BPS_Raw_Data'!I2:I39) -> 5.36
A19: E-Wallet | B19: =MIN('01_BPS_Raw_Data'!J2:J39) -> 0 | C19: =MAX('01_BPS_Raw_Data'!J2:J39) -> 23.07
A20: QRIS | B20: =MIN('01_BPS_Raw_Data'!K2:K39) -> 0 | C20: =MAX('01_BPS_Raw_Data'!K2:K39) -> 3.02
A23: RSE > 25% | B23: =COUNTIF('01_BPS_Raw_Data'!M2:M39,">25") -> 0
A24: RSE <= 25% | B24: =COUNTIF('01_BPS_Raw_Data'!M2:M39,"<=25") -> 36
A25: Status Dataset | B25: =IF(AND(B3=38,B4=0,B6=0,B7=0),"VALID - Lanjut ke Cleaning","PERLU DICEK") -> VALID - Lanjut ke Cleaning

Sheet 03_Clean_Data
A1: Provinsi | B1: Website (%) | C1: Email (%) | D1: Instant Messaging (%) | E1: Social Media (%) | F1: Marketplace (%) | G1: Cash (%) | H1: Bank Transfer (%) | I1: Card (%) | J1: E-Wallet (%) | K1: QRIS (%) | L1: E-Commerce Business Share (%) | M1: RSE (%) | N1: Digital Payment (%) | O1: Cash vs Digital (%) | P1: Marketplace Rank | Q1: Digital Payment Rank | R1: Marketplace Category | S1: Digital Payment Category | T1: Data Status
A2: Aceh | B2: 0.39 | C2: 2.89 | D2: 98.72 | E2: 47.11 | F2: 5.5 | G2: 81.39 | H2: 17.74 | I2: 0.05 | J2: 0.36 | K2: 0.45 | L2: 0.88 | M2: 5.84 | N2: =SUM(H2:K2) -> 18.6 | O2: =G2-N2 -> 62.79 | P2: =_xlfn.RANK.EQ(F2,$F$2:$F$39,0) -> 32 | Q2: =_xlfn.RANK.EQ(N2,$N$2:$N$39,0) -> 21 | R2: =IF(F2="","NA",IF(F2>=20,"High",IF(F2>=10,"Medium","Low"))) -> Low | S2: =IF(N2="","NA",IF(N2>=30,"High",IF(N2>=15,"Medium","Low"))) -> Medium | T2: =IF(OR(ISERROR(N2),ISERROR(O2),ISERROR(P2),ISERROR(Q2)),"CHECK","OK") -> OK
A3: Sumatera Utara | B3: 0.98 | C3: 6.08 | D3: 97.67 | E3: 53.82 | F3: 8.28 | G3: 89.35 | H3: 9.11 | I3: 0.03 | J3: 1.38 | K3: 0.12 | L3: 3.8 | M3: 6.19 | N3: =SUM(H3:K3) -> 10.64 | O3: =G3-N3 -> 78.71 | P3: =_xlfn.RANK.EQ(F3,$F$2:$F$39,0) -> 31 | Q3: =_xlfn.RANK.EQ(N3,$N$2:$N$39,0) -> 34 | R3: =IF(F3="","NA",IF(F3>=20,"High",IF(F3>=10,"Medium","Low"))) -> Low | S3: =IF(N3="","NA",IF(N3>=30,"High",IF(N3>=15,"Medium","Low"))) -> Low | T3: =IF(OR(ISERROR(N3),ISERROR(O3),ISERROR(P3),ISERROR(Q3)),"CHECK","OK") -> OK
A4: Sumatera Barat | B4: 1.23 | C4: 1.44 | D4: 94.82 | E4: 39 | F4: 16.94 | G4: 73.89 | H4: 21.47 | I4: 0.28 | J4: 3.9 | K4: 0.46 | L4: 1.05 | M4: 5.73 | N4: =SUM(H4:K4) -> 26.11 | O4: =G4-N4 -> 47.78 | P4: =_xlfn.RANK.EQ(F4,$F$2:$F$39,0) -> 6 | Q4: =_xlfn.RANK.EQ(N4,$N$2:$N$39,0) -> 4 | R4: =IF(F4="","NA",IF(F4>=20,"High",IF(F4>=10,"Medium","Low"))) -> Medium | S4: =IF(N4="","NA",IF(N4>=30,"High",IF(N4>=15,"Medium","Low"))) -> Medium | T4: =IF(OR(ISERROR(N4),ISERROR(O4),ISERROR(P4),ISERROR(Q4)),"CHECK","OK") -> OK
A5: Riau | B5: 2.39 | C5: 4.97 | D5: 94.77 | E5: 50.55 | F5: 14.55 | G5: 83.76 | H5: 13.33 | I5: 0.16 | J5: 2.07 | K5: 0.68 | L5: 1.68 | M5: 4.33 | N5: =SUM(H5:K5) -> 16.24 | O5: =G5-N5 -> 67.52 | P5: =_xlfn.RANK.EQ(F5,$F$2:$F$39,0) -> 14 | Q5: =_xlfn.RANK.EQ(N5,$N$2:$N$39,0) -> 27 | R5: =IF(F5="","NA",IF(F5>=20,"High",IF(F5>=10,"Medium","Low"))) -> Medium | S5: =IF(N5="","NA",IF(N5>=30,"High",IF(N5>=15,"Medium","Low"))) -> Medium | T5: =IF(OR(ISERROR(N5),ISERROR(O5),ISERROR(P5),ISERROR(Q5)),"CHECK","OK") -> OK
A6: Jambi | B6: 0.84 | C6: 3.12 | D6: 97.84 | E6: 47.52 | F6: 10.69 | G6: 83.17 | H6: 14.1 | I6: 0.55 | J6: 1.85 | K6: 0.34 | L6: 0.8 | M6: 5.53 | N6: =SUM(H6:K6) -> 16.84 | O6: =G6-N6 -> 66.33 | P6: =_xlfn.RANK.EQ(F6,$F$2:$F$39,0) -> 24 | Q6: =_xlfn.RANK.EQ(N6,$N$2:$N$39,0) -> 25 | R6: =IF(F6="","NA",IF(F6>=20,"High",IF(F6>=10,"Medium","Low"))) -> Medium | S6: =IF(N6="","NA",IF(N6>=30,"High",IF(N6>=15,"Medium","Low"))) -> Medium | T6: =IF(OR(ISERROR(N6),ISERROR(O6),ISERROR(P6),ISERROR(Q6)),"CHECK","OK") -> OK
A7: Sumatera Selatan | B7: 1.12 | C7: 3.23 | D7: 94.62 | E7: 46.63 | F7: 15.18 | G7: 83.63 | H7: 12.74 | I7: 0.12 | J7: 3.25 | K7: 0.25 | L7: 0.91 | M7: 6.47 | N7: =SUM(H7:K7) -> 16.36 | O7: =G7-N7 -> 67.27 | P7: =_xlfn.RANK.EQ(F7,$F$2:$F$39,0) -> 11 | Q7: =_xlfn.RANK.EQ(N7,$N$2:$N$39,0) -> 26 | R7: =IF(F7="","NA",IF(F7>=20,"High",IF(F7>=10,"Medium","Low"))) -> Medium | S7: =IF(N7="","NA",IF(N7>=30,"High",IF(N7>=15,"Medium","Low"))) -> Medium | T7: =IF(OR(ISERROR(N7),ISERROR(O7),ISERROR(P7),ISERROR(Q7)),"CHECK","OK") -> OK
A8: Bengkulu | B8: 1.57 | C8: 4.01 | D8: 97.04 | E8: 55.82 | F8: 10.35 | G8: 79.49 | H8: 17.46 | I8: 0.08 | J8: 0.85 | K8: 2.12 | L8: 0.66 | M8: 7.47 | N8: =SUM(H8:K8) -> 20.51 | O8: =G8-N8 -> 58.98 | P8: =_xlfn.RANK.EQ(F8,$F$2:$F$39,0) -> 25 | Q8: =_xlfn.RANK.EQ(N8,$N$2:$N$39,0) -> 15 | R8: =IF(F8="","NA",IF(F8>=20,"High",IF(F8>=10,"Medium","Low"))) -> Medium | S8: =IF(N8="","NA",IF(N8>=30,"High",IF(N8>=15,"Medium","Low"))) -> Medium | T8: =IF(OR(ISERROR(N8),ISERROR(O8),ISERROR(P8),ISERROR(Q8)),"CHECK","OK") -> OK
A9: Lampung | B9: 1.6 | C9: 1.93 | D9: 97.74 | E9: 34.8 | F9: 11.78 | G9: 84.55 | H9: 10.25 | I9: 0.7 | J9: 3.69 | K9: 0.81 | L9: 1.52 | M9: 7.68 | N9: =SUM(H9:K9) -> 15.45 | O9: =G9-N9 -> 69.1 | P9: =_xlfn.RANK.EQ(F9,$F$2:$F$39,0) -> 21 | Q9: =_xlfn.RANK.EQ(N9,$N$2:$N$39,0) -> 28 | R9: =IF(F9="","NA",IF(F9>=20,"High",IF(F9>=10,"Medium","Low"))) -> Medium | S9: =IF(N9="","NA",IF(N9>=30,"High",IF(N9>=15,"Medium","Low"))) -> Medium | T9: =IF(OR(ISERROR(N9),ISERROR(O9),ISERROR(P9),ISERROR(Q9)),"CHECK","OK") -> OK
A10: Kep. Bangka Belitung | B10: 1.07 | C10: 1.91 | D10: 99.1 | E10: 41.7 | F10: 3.25 | G10: 90.69 | H10: 8.6 | I10: 0.04 | J10: 0.49 | K10: 0.17 | L10: 0.49 | M10: 4.82 | N10: =SUM(H10:K10) -> 9.3 | O10: =G10-N10 -> 81.39 | P10: =_xlfn.RANK.EQ(F10,$F$2:$F$39,0) -> 35 | Q10: =_xlfn.RANK.EQ(N10,$N$2:$N$39,0) -> 36 | R10: =IF(F10="","NA",IF(F10>=20,"High",IF(F10>=10,"Medium","Low"))) -> Low | S10: =IF(N10="","NA",IF(N10>=30,"High",IF(N10>=15,"Medium","Low"))) -> Low | T10: =IF(OR(ISERROR(N10),ISERROR(O10),ISERROR(P10),ISERROR(Q10)),"CHECK","OK") -> OK
A11: Kepulauan Riau | B11: 2.59 | C11: 1.66 | D11: 96.19 | E11: 42.04 | F11: 16.89 | G11: 73.65 | H11: 19.31 | I11: 0.48 | J11: 4.99 | K11: 1.57 | L11: 1.05 | M11: 10.66 | N11: =SUM(H11:K11) -> 26.35 | O11: =G11-N11 -> 47.3 | P11: =_xlfn.RANK.EQ(F11,$F$2:$F$39,0) -> 7 | Q11: =_xlfn.RANK.EQ(N11,$N$2:$N$39,0) -> 3 | R11: =IF(F11="","NA",IF(F11>=20,"High",IF(F11>=10,"Medium","Low"))) -> Medium | S11: =IF(N11="","NA",IF(N11>=30,"High",IF(N11>=15,"Medium","Low"))) -> Medium | T11: =IF(OR(ISERROR(N11),ISERROR(O11),ISERROR(P11),ISERROR(Q11)),"CHECK","OK") -> OK
A12: DKI Jakarta | B12: 3.65 | C12: 7.86 | D12: 84.57 | E12: 22.3 | F12: 41.4 | G12: 45.54 | H12: 27.23 | I12: 1.14 | J12: 23.07 | K12: 3.02 | L12: 8.99 | M12: 4.79 | N12: =SUM(H12:K12) -> 54.46 | O12: =G12-N12 -> -8.92 | P12: =_xlfn.RANK.EQ(F12,$F$2:$F$39,0) -> 1 | Q12: =_xlfn.RANK.EQ(N12,$N$2:$N$39,0) -> 1 | R12: =IF(F12="","NA",IF(F12>=20,"High",IF(F12>=10,"Medium","Low"))) -> High | S12: =IF(N12="","NA",IF(N12>=30,"High",IF(N12>=15,"Medium","Low"))) -> High | T12: =IF(OR(ISERROR(N12),ISERROR(O12),ISERROR(P12),ISERROR(Q12)),"CHECK","OK") -> OK
A13: Jawa Barat | B13: 2.37 | C13: 3.28 | D13: 94.66 | E13: 27.29 | F13: 18.42 | G13: 74.22 | H13: 18.14 | I13: 0.36 | J13: 6.41 | K13: 0.86 | L13: 21.43 | M13: 4.4 | N13: =SUM(H13:K13) -> 25.77 | O13: =G13-N13 -> 48.45 | P13: =_xlfn.RANK.EQ(F13,$F$2:$F$39,0) -> 5 | Q13: =_xlfn.RANK.EQ(N13,$N$2:$N$39,0) -> 5 | R13: =IF(F13="","NA",IF(F13>=20,"High",IF(F13>=10,"Medium","Low"))) -> Medium | S13: =IF(N13="","NA",IF(N13>=30,"High",IF(N13>=15,"Medium","Low"))) -> Medium | T13: =IF(OR(ISERROR(N13),ISERROR(O13),ISERROR(P13),ISERROR(Q13)),"CHECK","OK") -> OK
... A29: Sulawesi Tenggara | B29: 0.44 | C29: 1.5 | D29: 98 | E29: 66.12 | F29: 8.56 | G29: 85.1 | H29: 14.23 | I29: 0 | J29: 0.33 | K29: 0.34 | L29: 0.35 | M29: 10.9 | N29: =SUM(H29:K29) -> 14.9 | O29: =G29-N29 -> 70.2 | P29: =_xlfn.RANK.EQ(F29,$F$2:$F$39,0) -> 28 | Q29: =_xlfn.RANK.EQ(N29,$N$2:$N$39,0) -> 29 | R29: =IF(F29="","NA",IF(F29>=20,"High",IF(F29>=10,"Medium","Low"))) -> Low | S29: =IF(N29="","NA",IF(N29>=30,"High",IF(N29>=15,"Medium","Low"))) -> Low | T29: =IF(OR(ISERROR(N29),ISERROR(O29),ISERROR(P29),ISERROR(Q29)),"CHECK","OK") -> OK
A30: Gorontalo | B30: 0.38 | D30: 92.16 | E30: 72.61 | F30: 12.14 | G30: 88.41 | H30: 10.04 | I30: 0.18 | J30: 1.36 | K30: 0 | L30: 0.18 | M30: 5.78 | N30: =SUM(H30:K30) -> 11.58 | O30: =G30-N30 -> 76.83 | P30: =_xlfn.RANK.EQ(F30,$F$2:$F$39,0) -> 19 | Q30: =_xlfn.RANK.EQ(N30,$N$2:$N$39,0) -> 33 | R30: =IF(F30="","NA",IF(F30>=20,"High",IF(F30>=10,"Medium","Low"))) -> Medium | S30: =IF(N30="","NA",IF(N30>=30,"High",IF(N30>=15,"Medium","Low"))) -> Low | T30: =IF(OR(ISERROR(N30),ISERROR(O30),ISERROR(P30),ISERROR(Q30)),"CHECK","OK") -> OK
A31: Sulawesi Barat | B31: 0.9 | C31: 1.49 | D31: 98.53 | E31: 58.36 | F31: 4.66 | G31: 90.33 | H31: 7.91 | I31: 0.32 | J31: 1.13 | K31: 0.31 | L31: 0.22 | M31: 4.97 | N31: =SUM(H31:K31) -> 9.67 | O31: =G31-N31 -> 80.66 | P31: =_xlfn.RANK.EQ(F31,$F$2:$F$39,0) -> 33 | Q31: =_xlfn.RANK.EQ(N31,$N$2:$N$39,0) -> 35 | R31: =IF(F31="","NA",IF(F31>=20,"High",IF(F31>=10,"Medium","Low"))) -> Low | S31: =IF(N31="","NA",IF(N31>=30,"High",IF(N31>=15,"Medium","Low"))) -> Low | T31: =IF(OR(ISERROR(N31),ISERROR(O31),ISERROR(P31),ISERROR(Q31)),"CHECK","OK") -> OK
A32: Maluku | B32: 2.66 | C32: 6.58 | D32: 91.32 | E32: 53.78 | F32: 14.9 | G32: 80.92 | H32: 13.53 | I32: 1.21 | J32: 2.76 | K32: 1.58 | L32: 0.09 | M32: 9.37 | N32: =SUM(H32:K32) -> 19.08 | O32: =G32-N32 -> 61.84 | P32: =_xlfn.RANK.EQ(F32,$F$2:$F$39,0) -> 13 | Q32: =_xlfn.RANK.EQ(N32,$N$2:$N$39,0) -> 20 | R32: =IF(F32="","NA",IF(F32>=20,"High",IF(F32>=10,"Medium","Low"))) -> Medium | S32: =IF(N32="","NA",IF(N32>=30,"High",IF(N32>=15,"Medium","Low"))) -> Medium | T32: =IF(OR(ISERROR(N32),ISERROR(O32),ISERROR(P32),ISERROR(Q32)),"CHECK","OK") -> OK
A33: Maluku Utara | B33: 1.09 | C33: 1.74 | D33: 86.35 | E33: 70.28 | F33: 11.7 | G33: 77.44 | H33: 19.97 | I33: 0.24 | J33: 1.24 | K33: 1.11 | L33: 0.08 | M33: 17.25 | N33: =SUM(H33:K33) -> 22.56 | O33: =G33-N33 -> 54.88 | P33: =_xlfn.RANK.EQ(F33,$F$2:$F$39,0) -> 22 | Q33: =_xlfn.RANK.EQ(N33,$N$2:$N$39,0) -> 10 | R33: =IF(F33="","NA",IF(F33>=20,"High",IF(F33>=10,"Medium","Low"))) -> Medium | S33: =IF(N33="","NA",IF(N33>=30,"High",IF(N33>=15,"Medium","Low"))) -> Medium | T33: =IF(OR(ISERROR(N33),ISERROR(O33),ISERROR(P33),ISERROR(Q33)),"CHECK","OK") -> OK
A34: Papua Barat | B34: 0 | C34: 2.03 | D34: 93.79 | E34: 72.83 | F34: 1.27 | G34: 80.3 | H34: 18.66 | J34: 0 | K34: 1.04 | L34: 0.04 | M34: 15.38 | N34: =SUM(H34:K34) -> 19.7 | O34: =G34-N34 -> 60.6 | P34: =_xlfn.RANK.EQ(F34,$F$2:$F$39,0) -> 36 | Q34: =_xlfn.RANK.EQ(N34,$N$2:$N$39,0) -> 17 | R34: =IF(F34="","NA",IF(F34>=20,"High",IF(F34>=10,"Medium","Low"))) -> Low | S34: =IF(N34="","NA",IF(N34>=30,"High",IF(N34>=15,"Medium","Low"))) -> Medium | T34: =IF(OR(ISERROR(N34),ISERROR(O34),ISERROR(P34),ISERROR(Q34)),"CHECK","OK") -> OK
A35: Papua Barat Daya | B35: 2.93 | C35: 2.86 | D35: 92.58 | E35: 69.76 | F35: 10.04 | G35: 79.86 | H35: 14.87 | I35: 0.27 | J35: 4.09 | K35: 0.9 | L35: 0.04 | M35: 7.67 | N35: =SUM(H35:K35) -> 20.13 | O35: =G35-N35 -> 59.73 | P35: =_xlfn.RANK.EQ(F35,$F$2:$F$39,0) -> 27 | Q35: =_xlfn.RANK.EQ(N35,$N$2:$N$39,0) -> 16 | R35: =IF(F35="","NA",IF(F35>=20,"High",IF(F35>=10,"Medium","Low"))) -> Medium | S35: =IF(N35="","NA",IF(N35>=30,"High",IF(N35>=15,"Medium","Low"))) -> Medium | T35: =IF(OR(ISERROR(N35),ISERROR(O35),ISERROR(P35),ISERROR(Q35)),"CHECK","OK") -> OK
A36: Papua | B36: 1.72 | C36: 3.54 | D36: 88.93 | E36: 55.93 | F36: 19.11 | G36: 76.76 | H36: 19.3 | I36: 0.1 | J36: 2.61 | K36: 1.22 | L36: 0.07 | M36: 11.29 | N36: =SUM(H36:K36) -> 23.23 | O36: =G36-N36 -> 53.53 | P36: =_xlfn.RANK.EQ(F36,$F$2:$F$39,0) -> 4 | Q36: =_xlfn.RANK.EQ(N36,$N$2:$N$39,0) -> 9 | R36: =IF(F36="","NA",IF(F36>=20,"High",IF(F36>=10,"Medium","Low"))) -> Medium | S36: =IF(N36="","NA",IF(N36>=30,"High",IF(N36>=15,"Medium","Low"))) -> Medium | T36: =IF(OR(ISERROR(N36),ISERROR(O36),ISERROR(P36),ISERROR(Q36)),"CHECK","OK") -> OK
A37: Papua Selatan | B37: 1.39 | C37: 0.1 | D37: 96.42 | E37: 57.28 | F37: 3.49 | G37: 85.62 | H37: 11.61 | I37: 0.23 | J37: 0.45 | K37: 2.09 | L37: 0.04 | M37: 9.15 | N37: =SUM(H37:K37) -> 14.38 | O37: =G37-N37 -> 71.24 | P37: =_xlfn.RANK.EQ(F37,$F$2:$F$39,0) -> 34 | Q37: =_xlfn.RANK.EQ(N37,$N$2:$N$39,0) -> 30 | R37: =IF(F37="","NA",IF(F37>=20,"High",IF(F37>=10,"Medium","Low"))) -> Low | S37: =IF(N37="","NA",IF(N37>=30,"High",IF(N37>=15,"Medium","Low"))) -> Low | T37: =IF(OR(ISERROR(N37),ISERROR(O37),ISERROR(P37),ISERROR(Q37)),"CHECK","OK") -> OK
A38: Papua Tengah | N38: =SUM(H38:K38) -> 0 | O38: =G38-N38 -> 0 | P38: =_xlfn.RANK.EQ(F38,$F$2:$F$39,0) -> #N/A | Q38: =_xlfn.RANK.EQ(N38,$N$2:$N$39,0) -> 37 | R38: =IF(F38="","NA",IF(F38>=20,"High",IF(F38>=10,"Medium","Low"))) -> NA | S38: =IF(N38="","NA",IF(N38>=30,"High",IF(N38>=15,"Medium","Low"))) -> Low | T38: =IF(OR(ISERROR(N38),ISERROR(O38),ISERROR(P38),ISERROR(Q38)),"CHECK","OK") -> CHECK
A39: Papua Pegunungan | N39: =SUM(H39:K39) -> 0 | O39: =G39-N39 -> 0 | P39: =_xlfn.RANK.EQ(F39,$F$2:$F$39,0) -> #N/A | Q39: =_xlfn.RANK.EQ(N39,$N$2:$N$39,0) -> 37 | R39: =IF(F39="","NA",IF(F39>=20,"High",IF(F39>=10,"Medium","Low"))) -> NA | S39: =IF(N39="","NA",IF(N39>=30,"High",IF(N39>=15,"Medium","Low"))) -> Low | T39: =IF(OR(ISERROR(N39),ISERROR(O39),ISERROR(P39),ISERROR(Q39)),"CHECK","OK") -> CHECK

Sheet 04_Analysis
A1: Kanal Penjualan | B1: Rata-rata (%) | D1: Metode Pembayaran | E1: Rata-rata (%)
A2: Website | B2: =AVERAGE('03_Clean_Data'!B2:B39) -> 1.7438889 | D2: Cash | E2: =AVERAGE('03_Clean_Data'!G2:G39) -> 79.960833
A3: Email | B3: =AVERAGE('03_Clean_Data'!C2:C39) -> 3.1405714 | D3: Bank Transfer | E3: =AVERAGE('03_Clean_Data'!H2:H39) -> 15.482222
A4: Instant Messaging | B4: =AVERAGE('03_Clean_Data'!D2:D39) -> 94.821389 | D4: Card | E4: =AVERAGE('03_Clean_Data'!I2:I39) -> 0.44285714
A5: Social Media | B5: =AVERAGE('03_Clean_Data'!E2:E39) -> 50.572222 | D5: E-Wallet | E5: =AVERAGE('03_Clean_Data'!J2:J39) -> 3.1083333
A6: Marketplace | B6: =AVERAGE('03_Clean_Data'!F2:F39) -> 13.210556 | D6: QRIS | E6: =AVERAGE('03_Clean_Data'!K2:K39) -> 1.0158333
A9: Analisis Marketplace | B9: Hasil | D9: Analisis Digital Payment | E9: Hasil
A10: Nilai Tertinggi | B10: =MAX('03_Clean_Data'!F2:F39) -> 41.4 | D10: Nilai Tertinggi | E10: =MAX('03_Clean_Data'!N2:N39) -> 54.46
A11: Provinsi dengan Nilai Tertinggi | B11: =INDEX('03_Clean_Data'!A2:A39,MATCH(B10,'03_Clean_Data'!F2:F39,0)) -> DKI Jakarta | D11: Provinsi dengan Nilai Tertinggi | E11: =INDEX('03_Clean_Data'!A2:A39,MATCH(E10,'03_Clean_Data'!N2:N39,0)) -> DKI Jakarta
A12: Nilai Terendah | B12: =MIN('03_Clean_Data'!F2:F39) -> 1.27 | D12: Nilai Terendah | E12: =MIN('03_Clean_Data'!N2:N39) -> 0
A13: Provinsi dengan Nilai Terendah | B13: =INDEX('03_Clean_Data'!A2:A39,MATCH(B12,'03_Clean_Data'!F2:F39,0)) -> Papua Barat | D13: Provinsi dengan Nilai Terendah | E13: =INDEX('03_Clean_Data'!A2:A39,MATCH(E12,'03_Clean_Data'!N2:N39,0)) -> Papua Tengah
A16: Analisis Cash vs Digital | B16: Rata-rata (%) | D16: Kategori Marketplace | E16: Jumlah Provinsi | G16: Kategori Digital Payment | H16: Jumlah Provinsi
A17: Cash | B17: =AVERAGE('03_Clean_Data'!G2:G39) -> 79.960833 | D17: High | E17: =COUNTIF('03_Clean_Data'!R2:R39,"High") -> 3 | G17: High | H17: =COUNTIF('03_Clean_Data'!S2:S39,"High") -> 1
A18: Digital Payment | B18: =AVERAGE('03_Clean_Data'!N2:N39) -> 18.982368 | D18: Medium | E18: =COUNTIF('03_Clean_Data'!R2:R39,"Medium") -> 24 | G18: Medium | H18: =COUNTIF('03_Clean_Data'!S2:S39,"Medium") -> 27
A19: Selisih | B19: =B17-B18 -> 60.978465 | D19: Low | E19: =COUNTIF('03_Clean_Data'!R2:R39,"Low") -> 9 | G19: Low | H19: =COUNTIF('03_Clean_Data'!S2:S39,"Low") -> 10
A22: Rank | B22: Provinsi | C22: Marketplace (%)
A23: 1 | B23: =INDEX('03_Clean_Data'!$A$2:$A$39,MATCH(A23,'03_Clean_Data'!$P$2:$P$39,0)) -> DKI Jakarta | C23: =INDEX('03_Clean_Data'!$F$2:$F$39,MATCH(A23,'03_Clean_Data'!$P$2:$P$39,0)) -> 41.4
A24: 2 | B24: =INDEX('03_Clean_Data'!$A$2:$A$39,MATCH(A24,'03_Clean_Data'!$P$2:$P$39,0)) -> Banten | C24: =INDEX('03_Clean_Data'!$F$2:$F$39,MATCH(A24,'03_Clean_Data'!$P$2:$P$39,0)) -> 26.57
A25: 3 | B25: =INDEX('03_Clean_Data'!$A$2:$A$39,MATCH(A25,'03_Clean_Data'!$P$2:$P$39,0)) -> Bali | C25: =INDEX('03_Clean_Data'!$F$2:$F$39,MATCH(A25,'03_Clean_Data'!$P$2:$P$39,0)) -> 22.85
A26: 4 | B26: =INDEX('03_Clean_Data'!$A$2:$A$39,MATCH(A26,'03_Clean_Data'!$P$2:$P$39,0)) -> Papua | C26: =INDEX('03_Clean_Data'!$F$2:$F$39,MATCH(A26,'03_Clean_Data'!$P$2:$P$39,0)) -> 19.11
A27: 5 | B27: =INDEX('03_Clean_Data'!$A$2:$A$39,MATCH(A27,'03_Clean_Data'!$P$2:$P$39,0)) -> Jawa Barat | C27: =INDEX('03_Clean_Data'!$F$2:$F$39,MATCH(A27,'03_Clean_Data'!$P$2:$P$39,0)) -> 18.42
A28: 6 | B28: =INDEX('03_Clean_Data'!$A$2:$A$39,MATCH(A28,'03_Clean_Data'!$P$2:$P$39,0)) -> Sumatera Barat | C28: =INDEX('03_Clean_Data'!$F$2:$F$39,MATCH(A28,'03_Clean_Data'!$P$2:$P$39,0)) -> 16.94
A29: 7 | B29: =INDEX('03_Clean_Data'!$A$2:$A$39,MATCH(A29,'03_Clean_Data'!$P$2:$P$39,0)) -> Kepulauan Riau | C29: =INDEX('03_Clean_Data'!$F$2:$F$39,MATCH(A29,'03_Clean_Data'!$P$2:$P$39,0)) -> 16.89
A30: 8 | B30: =INDEX('03_Clean_Data'!$A$2:$A$39,MATCH(A30,'03_Clean_Data'!$P$2:$P$39,0)) -> Kalimantan Selatan | C30: =INDEX('03_Clean_Data'!$F$2:$F$39,MATCH(A30,'03_Clean_Data'!$P$2:$P$39,0)) -> 16.49
A31: 9 | B31: =INDEX('03_Clean_Data'!$A$2:$A$39,MATCH(A31,'03_Clean_Data'!$P$2:$P$39,0)) -> D.I. Yogyakarta | C31: =INDEX('03_Clean_Data'!$F$2:$F$39,MATCH(A31,'03_Clean_Data'!$P$2:$P$39,0)) -> 16.03
A32: 10 | B32: =INDEX('03_Clean_Data'!$A$2:$A$39,MATCH(A32,'03_Clean_Data'!$P$2:$P$39,0)) -> Sulawesi Utara | C32: =INDEX('03_Clean_Data'!$F$2:$F$39,MATCH(A32,'03_Clean_Data'!$P$2:$P$39,0)) -> 15.21

Sheet 05_Pivot_Table
A1: Row Labels | B1: Marketplace (%) | D1: Row Labels | E1: Digital Payment (%) | G1: Row Labels | H1: Cash (%) | J1: Kanal Penjualan | K1: Rata-rata (%)
A2: DKI Jakarta | B2: 41.4 | D2: DKI Jakarta | E2: 54.46 | G2: Kep. Bangka Belitung | H2: 90.69 | J2: Website | K2: ='04_Analysis'!B2 -> 1.7438889
A3: Banten | B3: 26.57 | D3: Banten | E3: 29.48 | G3: Sulawesi Barat | H3: 90.33 | J3: Email | K3: ='04_Analysis'!B3 -> 3.1405714
A4: Bali | B4: 22.85 | D4: Kepulauan Riau | E4: 26.35 | G4: Sumatera Utara | H4: 89.35 | J4: Instant Messaging | K4: ='04_Analysis'!B4 -> 94.821389
A5: Papua | B5: 19.11 | D5: Sumatera Barat | E5: 26.11 | G5: Gorontalo | H5: 88.41 | J5: Social Media | K5: ='04_Analysis'!B5 -> 50.572222
A6: Jawa Barat | B6: 18.42 | D6: Jawa Barat | E6: 25.77 | G6: Nusa Tenggara Timur | H6: 85.96 | J6: Marketplace | K6: ='04_Analysis'!B6 -> 13.210556
A7: Sumatera Barat | B7: 16.94 | D7: Kalimantan Selatan | E7: 25.52 | G7: Kalimantan Tengah | H7: 85.85
A8: Kepulauan Riau | B8: 16.89 | D8: Bali | E8: 24.82 | G8: Papua Selatan | H8: 85.62
A9: Kalimantan Selatan | B9: 16.49 | D9: D.I. Yogyakarta | E9: 23.67 | G9: Sulawesi Tenggara | H9: 85.1 | J9: Metode Pembayaran | K9: Rata-rata (%)
A10: D.I. Yogyakarta | B10: 16.03 | D10: Papua | E10: 23.23 | G10: Lampung | H10: 84.55 | J10: Cash | K10: ='04_Analysis'!E2 -> 79.960833
A11: Sulawesi Utara | B11: 15.21 | D11: Maluku Utara | E11: 22.56 | G11: Riau | H11: 83.76 | J11: Bank Transfer | K11: ='04_Analysis'!E3 -> 15.482222
A12: Grand Total | B12: 20.991 | D12: Kalimantan Timur | E12: 21.72 | G12: Sumatera Selatan | H12: 83.63 | J12: Card | K12: ='04_Analysis'!E4 -> 0.44285714
D13: Jawa Tengah | E13: 21.26 | G13: Jambi | H13: 83.17 | J13: E-Wallet | K13: ='04_Analysis'!E5 -> 3.1083333
D14: Jawa Timur | E14: 21.15 | G14: Kalimantan Utara | H14: 82.03 | J14: QRIS | K14: ='04_Analysis'!E6 -> 1.0158333
D15: Sulawesi Tengah | E15: 20.77 | G15: Sulawesi Selatan | H15: 81.84
D16: Bengkulu | E16: 20.51 | G16: Nusa Tenggara Barat | H16: 81.66
D17: Papua Barat Daya | E17: 20.13 | G17: Aceh | H17: 81.39
D18: Papua Barat | E18: 19.7 | G18: Maluku | H18: 80.92
D19: Kalimantan Barat | E19: 19.29 | G19: Sulawesi Utara | H19: 80.86
D20: Sulawesi Utara | E20: 19.14 | G20: Kalimantan Barat | H20: 80.71
D21: Maluku | E21: 19.08 | G21: Papua Barat | H21: 80.3
D22: Aceh | E22: 18.6 | G22: Papua Barat Daya | H22: 79.86
D23: Nusa Tenggara Barat | E23: 18.34 | G23: Bengkulu | H23: 79.49
D24: Sulawesi Selatan | E24: 18.17 | G24: Sulawesi Tengah | H24: 79.23
D25: Kalimantan Utara | E25: 17.97 | G25: Jawa Timur | H25: 78.86
D26: Jambi | E26: 16.84 | G26: Jawa Tengah | H26: 78.74
... D37: Kep. Bangka Belitung | E37: 9.3 | G37: DKI Jakarta | H37: 45.54
D38: Papua Tengah | E38: 0 | G38: Papua Pegunungan
D39: Papua Pegunungan | E39: 0 | G39: Papua Tengah
D40: Grand Total | E40: 18.982368 | G40: Grand Total | H40: 79.960833

Sheet 06_Data_Dictionary
A1: Column | B1: Definition | C1: Type | D1: Source
A2: Provinsi | B2: Nama provinsi | C2: Text | D2: BPS
A3: Website (%) | B3: Persentase usaha yang menggunakan website sebagai media penjualan | C3: Numeric | D3: BPS
A4: Email (%) | B4: Persentase usaha yang menggunakan email | C4: Numeric | D4: BPS
A5: Instant Messaging (%) | B5: Persentase usaha yang menggunakan instant messaging | C5: Numeric | D5: BPS
A6: Social Media (%) | B6: Persentase usaha yang menggunakan media sosial | C6: Numeric | D6: BPS
A7: Marketplace (%) | B7: Persentase usaha yang menggunakan marketplace | C7: Numeric | D7: BPS
A8: Cash (%) | B8: Persentase usaha yang paling sering menggunakan cash | C8: Numeric | D8: BPS
A9: Bank Transfer (%) | B9: Persentase usaha yang paling sering menggunakan transfer bank | C9: Numeric | D9: BPS
A10: Card (%) | B10: Persentase usaha yang paling sering menggunakan kartu | C10: Numeric | D10: BPS
A11: E-Wallet (%) | B11: Persentase usaha yang paling sering menggunakan e-wallet | C11: Numeric | D11: BPS
A12: QRIS (%) | B12: Persentase usaha yang paling sering menggunakan QRIS | C12: Numeric | D12: BPS
... A17: Digital Payment Rank | B17: Ranking digital payment antarprovinsi | C17: Calculated | D17: Project

Sheet README
A1: Project | B1: Analisis Digitalisasi Usaha E-Commerce Indonesia
A2: Sumber | B2: BPS - Statistik E-Commerce 2023, Volume 6, 2025
A3: Data | B3: Aktivitas usaha e-commerce selama 2023
A4: Lampiran | B4: 14 (Media Penjualan), 15 (Metode Pembayaran), 29 (Share & RSE)
A5: Catatan | B5: NA/kosong dipertahankan untuk provinsi yang tidak dapat ditampilkan BPS karena RSE >25%.
A6: Langkah berikut | B6: Data validation -> cleaning -> analysis -> PivotTable -> dashboard -> insight

Sheet 07_Sources
A1: Sumber resmi BPS | B1: Keterangan
A2: Statistik E-Commerce 2023 | B2: Publikasi BPS, rilis 30 Januari 2025
A3: Lampiran 14 | B3: Persentase usaha e-commerce menurut provinsi dan media penjualan
A4: Lampiran 15 | B4: Persentase usaha e-commerce menurut provinsi dan metode pembayaran
A5: Lampiran 29 | B5: Persentase usaha e-commerce dan RSE menurut provinsi
